command_id,category,purpose,real_world_example,output_type,template_type,kb_search_queries,estimated_lines,similar_commands,status
ghl-workflow,workflow,Interactive workflow designer with KB search,Create welcome email sequence,json,automation,"workflow automation, email sequences",300,ghl-workflow-trigger|ghl-workflow-action,done
ghl-lead-nurture,lead,Niche-specific lead nurturing automation,Generate SaaS lead nurture sequence,json,automation,"lead nurturing, niche sequences",400,ghl-email-sequence|ghl-workflow,done
ghl-appointment,sales,Appointment automation with smart reminders,Set up appointment reminders,json,automation,"appointment automation, no-show prevention",350,ghl-workflow|ghl-sms-automation,done
ghl-funnel,sales,High-converting sales funnel designer,Build webinar funnel,json,automation,"funnel building, lead capture",400,ghl-form|ghl-landing-page,done
ghl-form,lead,Form optimization with conversion psychology,Create lead capture form,json,automation,"form optimization, conversion",400,ghl-landing-page|ghl-funnel,done
ghl-landing-page,lead,Landing page designer with copywriting,Design sales page,json,automation,"landing pages, copywriting",400,ghl-form|ghl-funnel,done
ghl-workflow-trigger,workflow,Set up specific workflow triggers,Trigger on tag added,guide,guide,"workflow triggers, conditions",250,ghl-workflow|ghl-workflow-condition,not-started
ghl-workflow-action,workflow,Add workflow action nodes,Send email action,guide,guide,"workflow actions, automation",250,ghl-workflow|ghl-workflow-trigger,not-started
ghl-workflow-condition,workflow,Build conditional logic,If-else conditions,guide,guide,"conditional logic, branching",250,ghl-workflow|ghl-workflow-branch,not-started
ghl-workflow-delay,workflow,Set up delays and timing,Wait 3 days then send,guide,guide,"delays, timing, scheduling",200,ghl-workflow|ghl-workflow-action,not-started
ghl-workflow-branch,workflow,Create multi-path workflows,Route based on conditions,guide,guide,"workflow branching, routing",200,ghl-workflow|ghl-workflow-condition,not-started
ghl-workflow-loop,workflow,Repeat actions with conditions,Loop through contacts,guide,guide,"workflow loops, repetition",200,ghl-workflow|ghl-workflow-condition,not-started
ghl-workflow-test,workflow,Test workflow before launching,Validate workflow logic,guide,guide,"workflow testing, debugging",200,ghl-workflow|ghl-troubleshoot,not-started
ghl-workflow-pause,workflow,Pause and resume workflows,Stop automation temporarily,guide,guide,"workflow management, pausing",150,ghl-workflow|ghl-workflow-clone,not-started
ghl-workflow-clone,workflow,Duplicate existing workflows,Copy workflow to another client,guide,guide,"workflow cloning, duplication",150,ghl-workflow|ghl-workflow-pause,not-started
ghl-workflow-archive,workflow,Archive old workflows,Clean up inactive workflows,guide,guide,"workflow management, archiving",150,ghl-workflow|ghl-workflow-pause,not-started
ghl-workflow-bulk-edit,workflow,Modify multiple workflows at once,Update all email workflows,guide,guide,"bulk operations, workflow management",200,ghl-workflow|ghl-workflow-archive,not-started
ghl-workflow-performance,workflow,Analyze workflow execution stats,Check workflow efficiency,guide,guide,"workflow analytics, performance",250,ghl-workflow|ghl-analytics-setup,not-started
ghl-workflow-troubleshoot,workflow,Debug workflow issues,Workflow not triggering,guide,guide,"workflow debugging, troubleshooting",250,ghl-workflow|ghl-troubleshoot,not-started
ghl-workflow-optimization,workflow,Suggest performance improvements,Speed up slow workflow,guide,guide,"workflow optimization, performance",250,ghl-workflow|ghl-workflow-performance,not-started
ghl-workflow-documentation,workflow,Auto-document workflows,Create workflow diagrams,guide,guide,"workflow documentation, diagramming",200,ghl-workflow|ghl-command-finder,not-started
ghl-workflow-logging,workflow,Track workflow execution,Monitor workflow runs,guide,guide,"workflow logging, monitoring",200,ghl-workflow|ghl-workflow-performance,not-started
ghl-webhook-receiver,workflow,Set up webhook receivers,Receive external data,guide,guide,"webhooks, external integrations",250,ghl-api-integration|ghl-workflow,not-started
ghl-api-trigger,workflow,API-based workflow triggers,Trigger via API call,guide,guide,"api integration, triggers",200,ghl-webhook-receiver|ghl-workflow,not-started
ghl-scheduled-automation,workflow,Recurring automations,Run workflow daily,guide,guide,"scheduling, recurring automation",200,ghl-workflow|ghl-workflow-delay,not-started
ghl-conditional-routing,workflow,Route based on complex conditions,Route leads by score,guide,guide,"routing, conditional logic",250,ghl-workflow|ghl-workflow-branch,not-started
ghl-form,lead,Form optimization with conversion psychology,Create lead capture form,json,automation,"form optimization, conversion",400,ghl-landing-page|ghl-funnel,done
ghl-form-field,lead,Add and configure form fields,Add email field,guide,guide,"form fields, configuration",200,ghl-form|ghl-form-validation,not-started
ghl-form-conditional,lead,Show hide fields based on answers,Show phone if company selected,guide,guide,"conditional fields, branching",250,ghl-form|ghl-form-branching,not-started
ghl-form-branching,lead,Multi-step forms with branching,Progressive form reveal,guide,guide,"form branching, multi-step",250,ghl-form|ghl-form-conditional,not-started
ghl-form-validation,lead,Set field validation rules,Email must be valid,guide,guide,"form validation, rules",200,ghl-form|ghl-form-field,not-started
ghl-form-styling,lead,Customize form appearance,Change form colors,guide,guide,"form styling, customization",200,ghl-form|ghl-landing-page,not-started
ghl-form-prefill,lead,Pre-populate form fields,Auto-fill known data,guide,guide,"form prefill, personalization",200,ghl-form|ghl-form-field,not-started
ghl-form-advanced,lead,Advanced form features,File uploads and calculations,guide,guide,"form features, advanced",250,ghl-form|ghl-form-field,not-started
ghl-landing-page,lead,Landing page designer with copywriting,Design sales page,json,automation,"landing pages, copywriting",400,ghl-form|ghl-funnel,done
ghl-landing-page-ab-test,lead,Set up A/B tests on pages,Test two headline versions,guide,guide,"a/b testing, page optimization",250,ghl-landing-page|ghl-a-b-testing,not-started
ghl-landing-page-mobile,lead,Mobile optimization guide,Ensure mobile responsiveness,guide,guide,"mobile optimization, responsive",200,ghl-landing-page|ghl-landing-page-design,not-started
ghl-landing-page-seo,lead,SEO setup for pages,Add title and meta tags,guide,guide,"seo, page optimization",200,ghl-landing-page|ghl-landing-page-tracking,not-started
ghl-landing-page-tracking,lead,Add conversion tracking,Set up pixel tracking,guide,guide,"conversion tracking, pixels",200,ghl-landing-page|ghl-analytics-setup,not-started
ghl-landing-page-elements,lead,Add page elements,Add buttons forms videos,guide,guide,"page elements, customization",250,ghl-landing-page|ghl-landing-page-design,not-started
ghl-landing-page-speed,lead,Optimize page loading speed,Reduce load time,guide,guide,"page speed, performance",200,ghl-landing-page|ghl-performance-optimization,not-started
ghl-landing-page-design,lead,Design and layout templates,Choose page template,guide,guide,"page design, templates",200,ghl-landing-page|ghl-landing-page-elements,not-started
ghl-popup,lead,Create pop-ups,Exit intent pop-up,json,automation,"popups, conversion",300,ghl-landing-page|ghl-form,not-started
ghl-popup-timing,lead,Set up pop-up triggers,Show after 5 seconds,guide,guide,"popup triggers, timing",200,ghl-popup|ghl-popup,not-started
ghl-survey,lead,Create surveys for qualification,Lead qualification survey,guide,guide,"surveys, qualification",250,ghl-form|ghl-quiz,not-started
ghl-quiz,lead,Build lead qualification quizzes,Lead matching quiz,json,automation,"quizzes, lead gen",300,ghl-survey|ghl-form,not-started
ghl-chat-widget,lead,Set up chat for lead capture,Live chat widget,guide,guide,"chat, lead capture",200,ghl-form|ghl-popup,not-started
ghl-lead-magnet,lead,Create lead magnet sequences,Free guide download sequence,json,automation,"lead magnets, downloads",350,ghl-form|ghl-email-sequence,not-started
ghl-email-sequence,lead,Email sequence builder,Create cold email sequence,json,automation,"email sequences, nurturing",300,ghl-email-template|ghl-email-copy,not-started
ghl-email-template,lead,Email design templates,Professional email layout,guide,guide,"email templates, design",200,ghl-email-sequence|ghl-email-styling,not-started
ghl-email-copy,lead,Email copywriting formulas,Write persuasive emails,guide,guide,"email copywriting, formulas",250,ghl-email-sequence|ghl-email-subject-line,not-started
ghl-email-subject-line,lead,Subject line optimization,Create engaging subject lines,guide,guide,"subject lines, optimization",200,ghl-email-sequence|ghl-email-copy,not-started
ghl-email-personalization,lead,Dynamic content and personalization,Use contact name in email,guide,guide,"personalization, dynamic content",250,ghl-email-sequence|ghl-email-field,not-started
ghl-email-segmentation,lead,Send to specific segments,Send only to hot leads,guide,guide,"segmentation, targeting",200,ghl-email-sequence|ghl-segment-builder,not-started
ghl-email-timing,lead,Optimize send times,Best time to send email,guide,guide,"email timing, optimization",200,ghl-email-sequence|ghl-email-frequency,not-started
ghl-email-frequency,lead,Set sending frequency,Limit emails per week,guide,guide,"frequency capping, limits",200,ghl-email-sequence|ghl-email-timing,not-started
ghl-email-compliance,lead,CAN SPAM and GDPR compliance,Add unsubscribe link,guide,guide,"email compliance, legal",250,ghl-email-sequence|ghl-compliance-checklist,not-started
ghl-email-testing,lead,A/B test emails,Test two subject lines,guide,guide,"email testing, a/b testing",250,ghl-email-sequence|ghl-a-b-testing,not-started
ghl-sms-automation,lead,SMS workflow builder,SMS reminder sequence,json,automation,"sms automation, messaging",250,ghl-email-sequence|ghl-workflow,not-started
ghl-sms-template,lead,SMS message templates,Pre-written SMS messages,guide,guide,"sms templates, messages",150,ghl-sms-automation|ghl-sms-copy,not-started
ghl-sms-compliance,lead,TCPA compliance for SMS,Verify opt-in for SMS,guide,guide,"sms compliance, legal",200,ghl-sms-automation|ghl-compliance-checklist,not-started
ghl-sms-timing,lead,Best times to send SMS,Send SMS during business hours,guide,guide,"sms timing, optimization",150,ghl-sms-automation|ghl-email-timing,not-started
ghl-sms-shortcodes,lead,Use shortcodes for SMS,Set up keyword responses,guide,guide,"sms shortcodes, keywords",200,ghl-sms-automation|ghl-sms-keywords,not-started
ghl-sms-keywords,lead,Set up SMS keyword responses,Auto-reply to keywords,guide,guide,"sms keywords, automation",200,ghl-sms-automation|ghl-sms-shortcodes,not-started
ghl-nurture-cold-email,lead,Cold email sequences,Cold email outreach,json,automation,"cold email, outreach",350,ghl-email-sequence|ghl-lead-nurture,not-started
ghl-nurture-re-engagement,lead,Win-back campaigns,Reactivate inactive leads,json,automation,"re-engagement, win-back",350,ghl-lead-nurture|ghl-email-sequence,not-started
ghl-nurture-broadcast,lead,One-off broadcast campaigns,Product announcement blast,json,automation,"broadcast, campaigns",300,ghl-email-sequence|ghl-segment-builder,not-started
ghl-nurture-drip,lead,Drip campaigns,Automated drip sequence,json,automation,"drip campaigns, automation",300,ghl-email-sequence|ghl-workflow,not-started
ghl-nurture-engagement,lead,Engagement-focused sequences,Keep leads engaged,json,automation,"engagement, nurturing",300,ghl-lead-nurture|ghl-email-sequence,not-started
ghl-nurture-social-proof,lead,Social proof sequences,Send testimonials and case studies,json,automation,"social proof, credibility",350,ghl-email-sequence|ghl-lead-nurture,not-started
ghl-nurture-urgency,lead,Limited-time offers,Create scarcity urgency,json,automation,"urgency, scarcity, offers",300,ghl-lead-nurture|ghl-offer-builder,not-started
ghl-nurture-education,lead,Educational sequences,Teach prospects about solution,json,automation,"education, training",300,ghl-lead-nurture|ghl-email-sequence,not-started
ghl-nurture-storytelling,lead,Story-based sequences,Tell brand story,json,automation,"storytelling, narrative",350,ghl-lead-nurture|ghl-email-copy,not-started
ghl-nurture-value-stack,lead,Value stacking sequences,Build value progressively,json,automation,"value stacking, progression",350,ghl-lead-nurture|ghl-email-sequence,not-started
ghl-nurture-objection-handling,lead,Objection handling sequences,Address common objections,json,automation,"objections, handling",350,ghl-lead-nurture|ghl-objection-handler,not-started
ghl-sales-workflow,sales,Sales process automation,Sales follow-up automation,json,automation,"sales workflows, automation",300,ghl-workflow|ghl-sales-follow-up,not-started
ghl-sales-call-booking,sales,Calendar integration,Book calls automatically,guide,guide,"calendar, scheduling, integration",250,ghl-appointment|ghl-workflow,not-started
ghl-appointment-reminder,sales,Appointment reminders,Send appointment reminders,json,automation,"appointment, reminders",300,ghl-appointment|ghl-sms-automation,not-started
ghl-demo-request,sales,Demo workflow,Demo request automation,json,automation,"demo, workflow",300,ghl-workflow|ghl-sales-workflow,not-started
ghl-proposal-builder,sales,Generate proposals,Auto-generate proposals,guide,guide,"proposals, documents",250,ghl-workflow|ghl-pdf-generation,not-started
ghl-contract-esign,sales,E-signature workflows,DocuSign integration,guide,guide,"e-signature, contracts",200,ghl-workflow|ghl-payment-collection,not-started
ghl-payment-collection,sales,Payment workflows,Collect payment automation,json,automation,"payment, collection",300,ghl-stripe-integration|ghl-workflow,not-started
ghl-sales-follow-up,sales,Post-call follow-ups,Follow up after sales call,json,automation,"sales follow-up, sequences",300,ghl-email-sequence|ghl-workflow,not-started
ghl-objection-handler,sales,Objection handling scripts,Objection response templates,guide,guide,"objections, sales, responses",250,ghl-email-copy|ghl-sales-follow-up,not-started
ghl-pricing-strategy,sales,Pricing optimization,Optimize price point,guide,guide,"pricing, strategy",200,ghl-offer-builder|ghl-pricing-psychology,not-started
ghl-offer-builder,sales,Create tiered offers,Build 3-tier pricing,json,automation,"offers, pricing, upsells",300,ghl-pricing-strategy|ghl-upsell-sequence,not-started
ghl-upsell-sequence,sales,Upsell automation,Upsell higher tier product,json,automation,"upsells, sales, revenue",300,ghl-offer-builder|ghl-email-sequence,not-started
ghl-downsell-sequence,sales,Downsell options,Offer lower price alternative,json,automation,"downsells, options",250,ghl-offer-builder|ghl-upsell-sequence,not-started
ghl-urgency-builder,sales,Create urgency and scarcity,Limited time offers,guide,guide,"urgency, scarcity, psychology",200,ghl-offer-builder|ghl-nurture-urgency,not-started
ghl-guarantee-builder,sales,Build guarantees and risk reversal,Money-back guarantee,guide,guide,"guarantees, risk reversal",200,ghl-offer-builder|ghl-sales-follow-up,not-started
ghl-sales-pipeline,sales,Visual pipeline management,Kanban-style pipeline,guide,guide,"pipeline, crm, visualization",250,ghl-lead-routing|ghl-workflow,not-started
ghl-sales-forecasting,sales,Revenue forecasting,Forecast monthly revenue,guide,guide,"forecasting, analytics, revenue",250,ghl-analytics-setup|ghl-cac-calculation,not-started
ghl-product-setup,ecommerce,Create products,Add product to store,guide,guide,"products, ecommerce, setup",250,ghl-checkout-builder|ghl-payment-gateway,not-started
ghl-product-pricing,ecommerce,Set product pricing,Set product price,guide,guide,"pricing, products, ecommerce",200,ghl-product-setup|ghl-pricing-strategy,not-started
ghl-product-variants,ecommerce,Product variants,Add product sizes colors,guide,guide,"product variants, ecommerce",200,ghl-product-setup|ghl-inventory-notification,not-started
ghl-checkout-builder,ecommerce,Checkout page optimization,Optimize checkout flow,json,automation,"checkout, conversion, optimization",300,ghl-form|ghl-payment-gateway,not-started
ghl-payment-gateway,ecommerce,Payment processing,Stripe PayPal integration,guide,guide,"payments, processing, integration",250,ghl-stripe-integration|ghl-checkout-builder,not-started
ghl-invoice-automation,ecommerce,Invoice generation,Auto-generate invoices,guide,guide,"invoices, automation",200,ghl-payment-gateway|ghl-order-confirmation,not-started
ghl-billing-cycles,ecommerce,Recurring billing setup,Monthly subscription billing,guide,guide,"billing, subscriptions, recurring",250,ghl-subscription-management|ghl-payment-gateway,not-started
ghl-subscription-management,ecommerce,Subscription workflows,Manage subscriptions,json,automation,"subscriptions, recurring, billing",300,ghl-billing-cycles|ghl-payment-gateway,not-started
ghl-cart-recovery,ecommerce,Abandoned cart recovery,Recover abandoned carts,json,automation,"cart recovery, ecommerce, email",350,ghl-order-fulfillment|ghl-email-sequence,not-started
ghl-order-confirmation,ecommerce,Order confirmation emails,Auto-send order confirmation,json,automation,"order confirmation, email",280,ghl-email-sequence|ghl-order-fulfillment,not-started
ghl-order-fulfillment,ecommerce,Fulfillment tracking,Track order fulfillment,json,automation,"order fulfillment, tracking",300,ghl-workflow|ghl-shipping-notification,not-started
ghl-shipping-notification,ecommerce,Shipping updates,Send shipping notification,json,automation,"shipping, notification, email",250,ghl-email-sequence|ghl-order-fulfillment,not-started
ghl-delivery-confirmation,ecommerce,Delivery tracking,Confirm delivery,json,automation,"delivery, tracking, confirmation",250,ghl-order-fulfillment|ghl-review-request,not-started
ghl-review-request,ecommerce,Review request automation,Ask for product reviews,json,automation,"reviews, reputation, automation",300,ghl-email-sequence|ghl-delivery-confirmation,not-started
ghl-refund-workflow,ecommerce,Refund processing,Process refund automatically,guide,guide,"refunds, processing, automation",250,ghl-payment-gateway|ghl-return-authorization,not-started
ghl-return-authorization,ecommerce,Return management,Authorize product returns,guide,guide,"returns, authorization, logistics",250,ghl-refund-workflow|ghl-order-fulfillment,not-started
ghl-upsell-order-bump,ecommerce,Order bumps,Upsell on checkout page,json,automation,"order bumps, upsells, revenue",300,ghl-checkout-builder|ghl-upsell-sequence,not-started
ghl-loyalty-program,ecommerce,Loyalty automation,Rewards program automation,json,automation,"loyalty, rewards, retention",350,ghl-workflow|ghl-customer-retention,not-started
ghl-client-onboarding,customer,Client onboarding sequences,Post-purchase onboarding,json,automation,"onboarding, customer success",350,ghl-email-sequence|ghl-workflow,not-started
ghl-onboarding-checklist,customer,Onboarding checklists,New customer checklist,guide,guide,"checklists, onboarding, success",250,ghl-client-onboarding|ghl-milestone-automation,not-started
ghl-customer-training,customer,Training sequences,Product training email series,json,automation,"training, education, onboarding",300,ghl-email-sequence|ghl-client-onboarding,not-started
ghl-product-tour,customer,Feature introduction,Interactive product tour,guide,guide,"product tour, features, onboarding",200,ghl-client-onboarding|ghl-customer-training,not-started
ghl-milestone-automation,customer,Achievement triggers,Celebrate customer milestones,json,automation,"milestones, achievements, celebration",250,ghl-onboarding-checklist|ghl-customer-success,not-started
ghl-customer-support-ticket,customer,Support ticketing,Create support tickets,guide,guide,"support, ticketing, automation",250,ghl-help-desk-automation|ghl-workflow,not-started
ghl-help-desk-automation,customer,Help desk workflows,Support ticket automation,json,automation,"help desk, support, automation",300,ghl-workflow|ghl-customer-support-ticket,not-started
ghl-feedback-collection,customer,NPS and survey automation,Collect customer feedback,json,automation,"feedback, nps, surveys",300,ghl-survey|ghl-customer-health-score,not-started
ghl-customer-health-score,customer,Health monitoring,Monitor customer health,guide,guide,"health scoring, monitoring, churn",250,ghl-feedback-collection|ghl-churn-prevention,not-started
ghl-churn-prevention,customer,At-risk detection,Identify churn risk,guide,guide,"churn prevention, at-risk, retention",250,ghl-customer-health-score|ghl-win-back,not-started
ghl-win-back,customer,Reactivation campaigns,Win back lost customers,json,automation,"reactivation, win-back, retention",350,ghl-churn-prevention|ghl-email-sequence,not-started
ghl-customer-community,customer,Community engagement,Engage in customer community,guide,guide,"community, engagement, retention",200,ghl-client-onboarding|ghl-feedback-collection,not-started
ghl-vip-program,customer,VIP treatment workflows,Premium customer program,json,automation,"vip, premium, treatment",300,ghl-loyalty-program|ghl-segment-builder,not-started
ghl-account-expansion,customer,Upsell to existing,Expand account value,json,automation,"account expansion, upsell, retention",300,ghl-upsell-sequence|ghl-email-sequence,not-started
ghl-renewal-reminder,customer,Renewal automation,Remind about renewal,json,automation,"renewal, reminders, retention",250,ghl-email-sequence|ghl-appointment,not-started
ghl-cancellation-recovery,customer,Cancel prevention,Prevent cancellation,json,automation,"cancellation, retention, recovery",350,ghl-churn-prevention|ghl-win-back,not-started
ghl-lead-routing,lead,Auto-assign leads,Round robin assignment,guide,guide,"lead routing, assignment, distribution",250,ghl-segment-builder|ghl-workflow,not-started
ghl-lead-scoring,lead,Lead qualification scoring,Score leads automatically,json,automation,"lead scoring, qualification",300,ghl-segment-builder|ghl-lead-routing,not-started
ghl-lead-scoring-behavior,lead,Behavioral scoring,Score by actions,guide,guide,"behavioral scoring, actions",200,ghl-lead-scoring|ghl-email-analytics,not-started
ghl-lead-scoring-demographic,lead,Demographic scoring,Score by company size,guide,guide,"demographic scoring, firmographics",200,ghl-lead-scoring|ghl-lead-enrichment,not-started
ghl-lead-scoring-engagement,lead,Engagement metrics,Score by engagement,guide,guide,"engagement scoring, metrics",200,ghl-lead-scoring|ghl-lead-scoring-behavior,not-started
ghl-lead-enrichment,lead,Data enrichment,Enrich lead data,guide,guide,"lead enrichment, data, integration",250,ghl-lead-routing|ghl-lead-deduplication,not-started
ghl-lead-deduplication,lead,Find duplicates,Identify duplicate leads,guide,guide,"deduplication, duplicates, data",200,ghl-lead-enrichment|ghl-contact-merge,not-started
ghl-lead-cleansing,lead,Data quality,Clean contact data,guide,guide,"data quality, cleansing, validation",250,ghl-lead-deduplication|ghl-list-hygiene,not-started
ghl-contact-merge,lead,Merge contacts,Combine duplicate contacts,guide,guide,"contact merge, consolidation",200,ghl-lead-deduplication|ghl-lead-cleansing,not-started
ghl-lead-distribution,lead,Round-robin distribution,Distribute leads evenly,guide,guide,"distribution, round-robin, assignment",200,ghl-lead-routing|ghl-workflow,not-started
ghl-segment-builder,lead,Create audience segments,Create hot leads segment,guide,guide,"segmentation, audiences, targeting",250,ghl-lead-scoring|ghl-tagging-strategy,not-started
ghl-segment-dynamic,lead,Dynamic segments,Auto-update segments,guide,guide,"dynamic segments, automation",250,ghl-segment-builder|ghl-workflow,not-started
ghl-segment-rfm,lead,RFM analysis,Recency Frequency Monetary,guide,guide,"rfm analysis, segmentation",250,ghl-segment-builder|ghl-cohort-analysis,not-started
ghl-tagging-strategy,lead,Tag organization,Organize tags systematically,guide,guide,"tagging, organization, structure",200,ghl-segment-builder|ghl-lead-scoring,not-started
ghl-list-management,lead,List organization,Organize contact lists,guide,guide,"lists, organization, management",200,ghl-segment-builder|ghl-list-hygiene,not-started
ghl-list-hygiene,lead,List cleaning,Remove inactive contacts,guide,guide,"list hygiene, cleaning, maintenance",250,ghl-list-management|ghl-bounced-email-handling,not-started
ghl-bounced-email-handling,lead,Handle bounces,Process bounced emails,guide,guide,"bounces, deliverability, cleanup",200,ghl-list-hygiene|ghl-email-compliance,not-started
ghl-spam-complaint-handling,lead,Handle complaints,Process spam complaints,guide,guide,"spam complaints, handling, compliance",200,ghl-bounced-email-handling|ghl-email-compliance,not-started
ghl-blog-automation,content,Blog to email,Auto-send blog posts to email,json,automation,"blog, email, automation",280,ghl-email-sequence|ghl-content-calendar,not-started
ghl-video-marketing,content,Video sequences,Video email sequences,json,automation,"video, marketing, sequences",300,ghl-email-sequence|ghl-youtube-integration,not-started
ghl-podcast-automation,content,Podcast promotion,Promote podcast episodes,json,automation,"podcast, promotion, automation",280,ghl-email-sequence|ghl-blog-automation,not-started
ghl-content-calendar,content,Content planning,Plan marketing content,guide,guide,"content calendar, planning, strategy",200,ghl-blog-automation|ghl-social-media-automation,not-started
ghl-social-media-automation,content,Social posting,Auto-post to social media,guide,guide,"social media, automation, posting",250,ghl-content-calendar|ghl-zapier-integration,not-started
ghl-content-personalization,content,Dynamic content,Personalize content by segment,guide,guide,"personalization, dynamic content",250,ghl-email-sequence|ghl-progressive-profiling,not-started
ghl-multi-language,content,Multilingual campaigns,Multi-language sequences,guide,guide,"multilingual, languages, i18n",250,ghl-content-personalization|ghl-segment-builder,not-started
ghl-timezone-automation,content,Timezone handling,Send by recipient timezone,guide,guide,"timezone, scheduling, automation",200,ghl-email-timing|ghl-workflow,not-started
ghl-a-b-testing,content,Split testing,A-B test campaigns,guide,guide,"a-b testing, split testing, optimization",250,ghl-email-testing|ghl-landing-page-ab-test,not-started
ghl-multivariate-testing,content,Multivariate tests,Test multiple variables,guide,guide,"multivariate testing, optimization",250,ghl-a-b-testing|ghl-analytics-setup,not-started
ghl-dynamic-content,content,Conditional content,Show different content per person,guide,guide,"dynamic content, conditional, personalization",250,ghl-content-personalization|ghl-email-personalization,not-started
ghl-progressive-profiling,content,Data collection,Gradually collect customer data,guide,guide,"progressive profiling, data",250,ghl-form-field|ghl-content-personalization,not-started
ghl-preference-center,content,Subscription management,Manage email preferences,guide,guide,"preferences, subscriptions, management",200,ghl-email-compliance|ghl-segment-builder,not-started
ghl-unsubscribe-automation,content,Unsubscribe flows,Handle unsubscribes,guide,guide,"unsubscribes, compliance, automation",200,ghl-email-compliance|ghl-preference-center,not-started
ghl-resubscribe-workflow,content,Resubscribe options,Win back unsubscribed,json,automation,"resubscribe, win-back, retention",250,ghl-unsubscribe-automation|ghl-win-back,not-started
ghl-notification-center,content,Notification hub,Centralize all notifications,guide,guide,"notifications, hub, center",200,ghl-preferences-center|ghl-workflow,not-started
ghl-zapier-integration,integration,Zapier setup,Connect to Zapier,guide,guide,"zapier, integration, automation",250,ghl-make-integration|ghl-workflow,not-started
ghl-make-integration,integration,Make.com setup,Connect to Make,guide,guide,"make, integration, automation",250,ghl-zapier-integration|ghl-workflow,not-started
ghl-slack-integration,integration,Slack automation,Send Slack notifications,guide,guide,"slack, notifications, integration",200,ghl-workflow|ghl-discord-integration,not-started
ghl-discord-integration,integration,Discord bots,Create Discord bots,guide,guide,"discord, bots, integration",200,ghl-slack-integration|ghl-telegram-integration,not-started
ghl-telegram-integration,integration,Telegram bots,Create Telegram bots,guide,guide,"telegram, bots, messaging",200,ghl-discord-integration|ghl-workflow,not-started
ghl-stripe-integration,integration,Stripe setup,Connect Stripe payments,guide,guide,"stripe, payments, integration",250,ghl-payment-gateway|ghl-checkout-builder,not-started
ghl-paypal-integration,integration,PayPal setup,Connect PayPal,guide,guide,"paypal, payments, integration",200,ghl-stripe-integration|ghl-payment-gateway,not-started
ghl-shopify-integration,integration,Shopify sync,Sync with Shopify store,guide,guide,"shopify, ecommerce, sync",250,ghl-woocommerce-integration|ghl-product-setup,not-started
ghl-woocommerce-integration,integration,WooCommerce sync,Sync with WooCommerce,guide,guide,"woocommerce, ecommerce, sync",250,ghl-shopify-integration|ghl-product-setup,not-started
ghl-salesforce-integration,integration,Salesforce CRM,Connect Salesforce,guide,guide,"salesforce, crm, integration",300,ghl-hubspot-integration|ghl-lead-routing,not-started
ghl-hubspot-integration,integration,HubSpot sync,Sync with HubSpot,guide,guide,"hubspot, crm, integration",300,ghl-salesforce-integration|ghl-lead-routing,not-started
ghl-google-sheets-integration,integration,Google Sheets export,Export data to Sheets,guide,guide,"google sheets, export, integration",200,ghl-data-export|ghl-zapier-integration,not-started
ghl-webhook-setup,integration,Custom webhooks,Set up webhooks,guide,guide,"webhooks, custom, integration",250,ghl-webhook-receiver|ghl-api-integration,not-started
ghl-api-integration,integration,API connections,Connect custom APIs,guide,guide,"api, integration, custom",300,ghl-webhook-setup|ghl-api-trigger,not-started
ghl-calendar-sync,integration,Calendar integration,Sync with calendar apps,guide,guide,"calendar, sync, integration",200,ghl-sales-call-booking|ghl-appointment,not-started
ghl-crm-migration,integration,Migrate from other CRM,Import from other platform,guide,guide,"migration, import, crm",300,ghl-data-import|ghl-contact-merge,not-started
ghl-data-export,integration,Export data,Export to other platforms,guide,guide,"export, data, integration",250,ghl-google-sheets-integration|ghl-data-import,not-started
ghl-data-import,integration,Import data,Import from other systems,guide,guide,"import, data, integration",250,ghl-crm-migration|ghl-lead-enrichment,not-started
ghl-custom-field-mapping,integration,Map custom fields,Map fields between systems,guide,guide,"field mapping, integration, data",250,ghl-data-import|ghl-custom-fields,not-started
ghl-two-way-sync,integration,Bidirectional sync,Two-way data sync,guide,guide,"sync, bidirectional, integration",250,ghl-data-import|ghl-data-export,not-started
ghl-analytics-setup,reporting,Dashboard setup,Set up analytics dashboard,guide,guide,"analytics, dashboard, setup",250,ghl-metrics-dashboard|ghl-workflow,not-started
ghl-funnel-analysis,reporting,Conversion funnels,Analyze conversion funnels,guide,guide,"funnel analysis, conversion, metrics",250,ghl-analytics-setup|ghl-roi-calculation,not-started
ghl-attribution-modeling,reporting,Multi-touch attribution,Track multi-touch attribution,guide,guide,"attribution, multi-touch, analytics",300,ghl-analytics-setup|ghl-revenue-tracking,not-started
ghl-revenue-tracking,reporting,Revenue analytics,Track revenue by source,guide,guide,"revenue, analytics, tracking",250,ghl-analytics-setup|ghl-roi-calculation,not-started
ghl-roi-calculation,reporting,ROI by campaign,Calculate campaign ROI,guide,guide,"roi, analytics, campaign",250,ghl-revenue-tracking|ghl-cac-calculation,not-started
ghl-cohort-analysis,reporting,Customer cohorts,Analyze customer cohorts,guide,guide,"cohort analysis, analytics",250,ghl-analytics-setup|ghl-retention-analysis,not-started
ghl-retention-analysis,reporting,Churn and retention,Analyze customer retention,guide,guide,"retention, churn, analytics",250,ghl-cohort-analysis|ghl-ltv-calculation,not-started
ghl-ltv-calculation,reporting,Lifetime value,Calculate customer LTV,guide,guide,"ltv, lifetime value, analytics",250,ghl-analytics-setup|ghl-retention-analysis,not-started
ghl-cac-calculation,reporting,Customer acquisition cost,Calculate CAC,guide,guide,"cac, acquisition cost, analytics",250,ghl-analytics-setup|ghl-roi-calculation,not-started
ghl-custom-report,reporting,Custom reports,Create custom reports,guide,guide,"custom reports, analytics",250,ghl-analytics-setup|ghl-data-visualization,not-started
ghl-email-analytics,reporting,Email stats,Email performance analytics,guide,guide,"email analytics, stats, performance",200,ghl-analytics-setup|ghl-email-sequence,not-started
ghl-sms-analytics,reporting,SMS stats,SMS performance analytics,guide,guide,"sms analytics, stats, performance",200,ghl-analytics-setup|ghl-sms-automation,not-started
ghl-form-analytics,reporting,Form performance,Form conversion analytics,guide,guide,"form analytics, conversion, performance",200,ghl-analytics-setup|ghl-form,not-started
ghl-page-analytics,reporting,Page stats,Page performance analytics,guide,guide,"page analytics, performance, tracking",200,ghl-analytics-setup|ghl-landing-page,not-started
ghl-google-analytics-integration,reporting,GA sync,Sync with Google Analytics,guide,guide,"google analytics, integration, sync",250,ghl-analytics-setup|ghl-data-import,not-started
ghl-data-visualization,reporting,Charts and graphs,Create data visualizations,guide,guide,"data visualization, charts, graphs",250,ghl-custom-report|ghl-analytics-setup,not-started
ghl-ads-funnel,ads,Ad funnel setup,Complete ad to sale funnel,json,automation,"ads, funnel, optimization",350,ghl-facebook-ads|ghl-landing-page,not-started
ghl-facebook-ads,ads,Facebook integration,Connect Facebook ads,guide,guide,"facebook, ads, integration",250,ghl-ads-funnel|ghl-google-ads,not-started
ghl-google-ads,ads,Google Ads setup,Connect Google Ads,guide,guide,"google ads, integration, setup",250,ghl-facebook-ads|ghl-linkedin-ads,not-started
ghl-linkedin-ads,ads,LinkedIn campaigns,LinkedIn ad setup,guide,guide,"linkedin, ads, campaigns",250,ghl-google-ads|ghl-tiktok-ads,not-started
ghl-tiktok-ads,ads,TikTok integration,TikTok ads setup,guide,guide,"tiktok, ads, integration",250,ghl-linkedin-ads|ghl-instagram-ads,not-started
ghl-instagram-ads,ads,Instagram ads,Instagram ads setup,guide,guide,"instagram, ads, setup",250,ghl-tiktok-ads|ghl-twitter-ads,not-started
ghl-twitter-ads,ads,Twitter ads,Twitter X ads,guide,guide,"twitter, ads, x, setup",250,ghl-instagram-ads|ghl-snapchat-ads,not-started
ghl-snapchat-ads,ads,Snapchat ads,Snapchat ads setup,guide,guide,"snapchat, ads, setup",250,ghl-twitter-ads|ghl-ad-targeting,not-started
ghl-ad-targeting,ads,Audience targeting,Target specific audiences,guide,guide,"targeting, audience, ads",250,ghl-ads-funnel|ghl-retargeting-setup,not-started
ghl-retargeting-setup,ads,Pixel and retargeting,Retargeting setup,guide,guide,"retargeting, pixel, ads",250,ghl-ad-targeting|ghl-facebook-ads,not-started
ghl-ad-copy-formulas,ads,Ad copywriting,Write converting ads,guide,guide,"ad copy, copywriting, formulas",250,ghl-email-copy|ghl-landing-page-copy,not-started
ghl-campaign-tracking,ads,UTM and tracking,Set up campaign tracking,guide,guide,"utm, tracking, campaigns",200,ghl-analytics-setup|ghl-ads-funnel,not-started
ghl-budget-optimization,ads,Spend allocation,Optimize ad spend,guide,guide,"budget, optimization, spend",250,ghl-ads-funnel|ghl-roi-calculation,not-started
ghl-ad-creative-testing,ads,Creative variations,Test ad creatives,guide,guide,"creative testing, ads, a-b testing",250,ghl-a-b-testing|ghl-ads-funnel,not-started
ghl-compliance-checklist,compliance,Compliance audit,Full compliance audit,guide,guide,"compliance, audit, checklist",300,ghl-gdpr-compliance|ghl-audit-prep,not-started
ghl-gdpr-compliance,compliance,GDPR setup,GDPR compliance checklist,guide,guide,"gdpr, compliance, privacy",300,ghl-compliance-checklist|ghl-ccpa-compliance,not-started
ghl-ccpa-compliance,compliance,CCPA compliance,CCPA requirements,guide,guide,"ccpa, compliance, privacy",300,ghl-gdpr-compliance|ghl-can-spam-compliance,not-started
ghl-can-spam-compliance,compliance,CAN-SPAM rules,Email compliance,guide,guide,"can-spam, email, compliance",250,ghl-ccpa-compliance|ghl-tcpa-compliance,not-started
ghl-tcpa-compliance,compliance,TCPA SMS rules,SMS compliance,guide,guide,"tcpa, sms, compliance",250,ghl-can-spam-compliance|ghl-sms-automation,not-started
ghl-hipaa-compliance,compliance,Healthcare compliance,HIPAA requirements,guide,guide,"hipaa, healthcare, compliance",300,ghl-compliance-checklist|ghl-data-privacy,not-started
ghl-pci-compliance,compliance,Payment compliance,PCI DSS requirements,guide,guide,"pci dss, payment, compliance",300,ghl-compliance-checklist|ghl-payment-gateway,not-started
ghl-soc-2-compliance,compliance,SOC 2 checklist,SOC 2 requirements,guide,guide,"soc 2, compliance, security",300,ghl-compliance-checklist|ghl-security-audit,not-started
ghl-data-privacy,compliance,Privacy policies,Create privacy policies,guide,guide,"privacy, policies, compliance",250,ghl-compliance-checklist|ghl-consent-management,not-started
ghl-consent-management,compliance,Consent tracking,Consent management,guide,guide,"consent, gdpr, compliance",250,ghl-data-privacy|ghl-gdpr-compliance,not-started
ghl-security-audit,compliance,Security checklist,Full security audit,guide,guide,"security, audit, checklist",300,ghl-compliance-checklist|ghl-password-security,not-started
ghl-password-security,compliance,Password policies,Security passwords,guide,guide,"password security, policies",200,ghl-security-audit|ghl-two-factor-auth,not-started
ghl-two-factor-auth,compliance,2FA setup,Two-factor authentication,guide,guide,"2fa, two-factor, security",200,ghl-password-security|ghl-access-control,not-started
ghl-access-control,compliance,Role-based access,Manage user access,guide,guide,"access control, roles, permissions",250,ghl-two-factor-auth|ghl-multi-user-setup,not-started
ghl-troubleshoot,troubleshooting,Problem diagnosis,General troubleshooting,guide,guide,"troubleshooting, diagnosis, help",300,ghl-command-finder|ghl-workflow-debug,not-started
ghl-workflow-debug,troubleshooting,Workflow issues,Debug workflow problems,guide,guide,"workflow debugging, troubleshooting",250,ghl-troubleshoot|ghl-workflow-performance,not-started
ghl-email-deliverability,troubleshooting,Email problems,Fix email issues,guide,guide,"email deliverability, troubleshooting",300,ghl-troubleshoot|ghl-email-compliance,not-started
ghl-sms-delivery-issues,troubleshooting,SMS problems,Fix SMS delivery,guide,guide,"sms delivery, troubleshooting",250,ghl-troubleshoot|ghl-sms-automation,not-started
ghl-form-not-submitting,troubleshooting,Form bugs,Fix form submission,guide,guide,"form errors, troubleshooting",200,ghl-troubleshoot|ghl-form,not-started
ghl-integration-troubleshoot,troubleshooting,Integration issues,Fix integration problems,guide,guide,"integration troubleshooting, issues",250,ghl-troubleshoot|ghl-webhook-setup,not-started
ghl-sync-problems,troubleshooting,Sync issues,Fix data sync problems,guide,guide,"sync issues, troubleshooting",200,ghl-troubleshoot|ghl-integration-troubleshoot,not-started
ghl-performance-optimization,troubleshooting,Speed issues,Optimize speed,guide,guide,"performance, optimization, speed",250,ghl-troubleshoot|ghl-workflow-performance,not-started
ghl-common-errors,troubleshooting,Error code lookup,Error code reference,guide,guide,"error codes, reference, help",200,ghl-troubleshoot|ghl-command-finder,not-started
ghl-contact-support,troubleshooting,Get help,Contact support,guide,guide,"support, help, contact",100,ghl-troubleshoot|ghl-help,not-started
ghl-template-library,templates,Browse templates,Access template library,guide,guide,"templates, library, browse",250,ghl-workflow-template|ghl-command-finder,not-started
ghl-workflow-template,templates,Workflow templates,Use workflow templates,json,automation,"workflow templates, library",300,ghl-template-library|ghl-workflow,not-started
ghl-email-template,templates,Email templates,Use email templates,guide,guide,"email templates, library",200,ghl-template-library|ghl-email-sequence,not-started
ghl-form-template,templates,Form templates,Use form templates,guide,guide,"form templates, library",200,ghl-template-library|ghl-form,not-started
ghl-funnel-template,templates,Funnel templates,Use funnel templates,json,automation,"funnel templates, library",300,ghl-template-library|ghl-funnel,not-started
ghl-sequence-template,templates,Sequence templates,Use sequence templates,json,automation,"sequence templates, library",300,ghl-template-library|ghl-email-sequence,not-started
ghl-page-template,templates,Page templates,Use page templates,guide,guide,"page templates, library",200,ghl-template-library|ghl-landing-page,not-started
ghl-integration-template,templates,Integration templates,Use integration templates,guide,guide,"integration templates, library",200,ghl-template-library|ghl-zapier-integration,not-started
ghl-template-create,templates,Save as template,Save workflow as template,guide,guide,"template creation, saving",150,ghl-workflow-template|ghl-template-library,not-started
ghl-template-clone,templates,Clone template,Clone existing template,guide,guide,"template cloning, duplication",150,ghl-template-library|ghl-template-create,not-started
ghl-template-customize,templates,Customize template,Customize saved template,guide,guide,"template customization, editing",200,ghl-template-clone|ghl-template-library,not-started
ghl-template-share,templates,Share template,Share template with team,guide,guide,"template sharing, collaboration",200,ghl-template-customize|ghl-multi-user-setup,not-started
ghl-saas-mode,advanced,SaaS mode setup,Set up SaaS mode,guide,guide,"saas mode, white label, setup",300,ghl-white-label|ghl-multi-user-setup,not-started
ghl-white-label,advanced,White labeling,White label GHL,guide,guide,"white label, branding, saas",300,ghl-saas-mode|ghl-custom-domain,not-started
ghl-custom-domain,advanced,Custom domains,Set up custom domain,guide,guide,"custom domain, setup, branding",200,ghl-white-label|ghl-branding,not-started
ghl-branding,advanced,Brand customization,Customize branding,guide,guide,"branding, customization, white label",200,ghl-custom-domain|ghl-white-label,not-started
ghl-multi-user-setup,advanced,User management,Add multiple users,guide,guide,"user management, team, setup",250,ghl-permissions-roles|ghl-saas-mode,not-started
ghl-permissions-roles,advanced,Role based access,Set up permissions,guide,guide,"permissions, roles, access control",250,ghl-multi-user-setup|ghl-access-control,not-started
ghl-custom-fields,advanced,Custom field setup,Create custom fields,guide,guide,"custom fields, setup",250,ghl-data-import|ghl-custom-field-mapping,not-started
ghl-calculated-fields,advanced,Formula fields,Use formula fields,guide,guide,"calculated fields, formulas",250,ghl-custom-fields|ghl-workflow,not-started
ghl-conditional-logic-advanced,advanced,Complex conditions,Build complex logic,guide,guide,"conditional logic, complex, workflow",300,ghl-workflow-condition|ghl-workflow-branch,not-started
ghl-api-documentation,advanced,API reference,API documentation,guide,guide,"api, documentation, reference",300,ghl-api-integration|ghl-webhook-setup,not-started
ghl-webhook-documentation,advanced,Webhook reference,Webhook documentation,guide,guide,"webhook, documentation, reference",300,ghl-webhook-setup|ghl-api-integration,not-started
ghl-growth-strategy,strategy,Growth planning,Plan business growth,guide,guide,"strategy, growth, planning",300,ghl-optimization-recommendations|ghl-industry-benchmarks,not-started
ghl-funnel-audit,strategy,Funnel analysis,Audit your funnel,guide,guide,"funnel audit, analysis, optimization",300,ghl-analytics-setup|ghl-funnel-analysis,not-started
ghl-optimization-recommendations,strategy,Improvement ideas,Get optimization recommendations,guide,guide,"optimization, recommendations, strategy",300,ghl-growth-strategy|ghl-analytics-setup,not-started
ghl-industry-benchmarks,strategy,Industry standards,Industry benchmark data,guide,guide,"benchmarks, industry standards, comparison",250,ghl-growth-strategy|ghl-analytics-setup,not-started
ghl-best-practices,strategy,GHL best practices,Learn GHL best practices,guide,guide,"best practices, ghl, optimization",300,ghl-optimization-recommendations|ghl-command-finder,not-started
ghl-competitive-analysis,strategy,Market analysis,Analyze your market,guide,guide,"competitive analysis, market, strategy",300,ghl-growth-strategy|ghl-industry-benchmarks,not-started
ghl-roadmap-planning,strategy,Implementation roadmap,Plan your roadmap,guide,guide,"roadmap, planning, implementation",300,ghl-growth-strategy|ghl-optimization-recommendations,not-started
ghl-resource-planning,strategy,Needs assessment,Assess resource needs,guide,guide,"resource planning, needs, assessment",250,ghl-growth-strategy|ghl-multi-user-setup,not-started
ghl-scaling-strategy,strategy,Scale from X to Y,Plan scaling strategy,guide,guide,"scaling, growth, strategy",300,ghl-growth-strategy|ghl-roadmap-planning,not-started
ghl-automation-strategy,strategy,Automation roadmap,Plan automation strategy,guide,guide,"automation strategy, roadmap, planning",300,ghl-best-practices|ghl-optimization-recommendations,not-started
ghl-getting-started,learning,Beginner guide,Getting started guide,guide,guide,"getting started, beginner, onboarding",300,ghl-glossary|ghl-quick-start,not-started
ghl-tutorial,learning,Video tutorials,Video tutorials and guides,guide,guide,"tutorials, videos, learning",200,ghl-getting-started|ghl-command-finder,not-started
ghl-glossary,learning,GHL terminology,Glossary of terms,guide,guide,"glossary, terminology, definitions",250,ghl-getting-started|ghl-tutorial,not-started
ghl-course-builder,learning,Training course,Create training course,guide,guide,"courses, training, education",250,ghl-tutorial|ghl-getting-started,not-started
ghl-certification-prep,learning,Cert study guide,Prepare for certification,guide,guide,"certification, exam, study",250,ghl-course-builder|ghl-tutorial,not-started
ghl-community-resources,learning,Community links,Community resources,guide,guide,"community, resources, learning",150,ghl-getting-started|ghl-glossary,not-started
ghl-faq,learning,FAQ,Frequently asked questions,guide,guide,"faq, questions, learning",200,ghl-getting-started|ghl-tutorial,not-started
ghl-roadmap,learning,Product roadmap,GHL product roadmap,guide,guide,"roadmap, features, planning",150,ghl-getting-started|ghl-command-finder,not-started
ghl-help,meta,General help,Show help and commands,guide,guide,"help, general, support",200,ghl-search|ghl-command-list,not-started
ghl-search,meta,Universal search,Search for commands,guide,guide,"search, discovery, commands",300,ghl-command-finder|ghl-help,not-started
ghl-command-finder,meta,Find right command,Guided command discovery,guide,guide,"command finder, discovery, help",250,ghl-search|ghl-command-list,not-started
ghl-command-list,meta,All commands,List all commands,guide,guide,"command list, reference, all",200,ghl-command-finder|ghl-help,not-started
ghl-quick-start,meta,30-min onboarding,Quick start guide,guide,guide,"quick start, onboarding, getting started",250,ghl-getting-started|ghl-help,not-started
ghl-feedback,meta,Feature requests,Submit feedback,guide,guide,"feedback, feature requests, support",100,ghl-help|ghl-contact-support,not-started
ghl-status,meta,System status,Check system status,guide,guide,"status, system, health",100,ghl-help|ghl-troubleshoot,not-started
ghl-changelog,meta,Recent updates,Changelog and updates,guide,guide,"changelog, updates, new features",150,ghl-status|ghl-roadmap,not-started
ghl-credits,meta,About GHL WHIZ,About this tool,guide,guide,"about, credits, information",100,ghl-help|ghl-getting-started,not-started